,paper_id,question_id,reasoning,evidence,answer_pred,answer_true,result
0,0,19,"To determine if the characteristics of the final class solution are numerically described, we need to look for mentions of statistical measures such as means, standard deviations (SD), standard errors (SE), sample sizes (n), or confidence intervals (CI) in the context. The context discusses the testing of nested models, logistic regression analyses, and the consistency of class membership across models. However, it does not provide any numerical descriptions such as means, SD/SE, n, or CI for the class solutions. The context focuses on the process and results of model testing and class membership consistency rather than providing detailed numerical characteristics of the classes. "," - ""We then tested a series of nested models using the five-class solution to identify covariates that improved model fit."" - ""Logistic regression analyses were conducted to identify predictors of class membership for the five-class conditional model (see Table 3)."" - ""Class membership remained largely consistent across the unconditional and conditional models (Chronic unconditional 5.2% v. conditional 5.2%; worsening/recovery unconditional 8.1%v. conditional 8.1%, worsening unconditional 9.6% v. conditional 10.2%, recovery unconditional 5.7% v. conditional 8.2%, resilient unconditional 72.3% v. conditional 68.3%)."" - ""Similarly, the magnitude and significance of intercept, linear slope and quadratic slope parameters remained consistent"" ",0,1,0.0
2,2,19,"To determine if the characteristics of the final class solution are numerically described, we need to look for mentions of numerical descriptors such as means, standard deviations (SD), standard errors (SE), sample sizes (n), or confidence intervals (CI) in the context. The context discusses the process of selecting the final model solution, including fit statistics and covariates, but does not provide specific numerical descriptions of the final class solution. There is no mention of means, SD/SE, n, CI, or similar numerical descriptors for the final class solution. ", - [] ,0,1,0.0
3,3,19,"To determine if the characteristics of the final class solution are numerically described, we need to look for mentions of statistical measures such as means, standard deviations (SD), standard errors (SE), sample sizes (n), or confidence intervals (CI) specifically for the three-class model. The context provides information about the fit indices for the latent growth mixture models, including entropy, BIC, LMR-LRT, BLRT, and posterior probabilities. However, it does not mention any numerical descriptions like means, SD/SE, n, or CI for the characteristics of the final class solution itself. Therefore, the answer is NO. "," - ""When these variables were added to the model, the size and meaning of trajectories remained stable, indicating that an appropriate solution was chosen."" - ""Fit indices for latent growth mixture models: unconditional trajectory groups"" - ""Number of classes Entropy BIC LMR-LRT BLRT Posterior probabilities"" ",0,1,0.0
4,4,19,"To determine if the characteristics of the final class solution are numerically described, we need to look for mentions of numerical descriptors such as means, standard deviations (SD), standard errors (SE), sample sizes (n), or confidence intervals (CI) for the classes. The context mentions ""Table 2 Means and Standard Deviations of HADS Scores for Change Groups of Physical Functioning and Psychosocial Resources"" and ""Class 1 (10%) resembled delayed distress, Class 2 (16%) recovery, Class 3 (65%) resilient, and Class 4 (9%) chronic distress (see Table 4)."" However, it does not provide specific numerical values or detailed statistical descriptors directly in the text. The reference to tables suggests that such details might be present in the tables, but they are not explicitly described in the provided context. "," - ""Table 2 Means and Standard Deviations of HADS Scores for Change Groups of Physical Functioning and Psychosocial Resources"" - ""Class 1 (10%) resembled delayed distress, Class 2 (16%) recovery, Class 3 (65%) resilient, and Class 4 (9%) chronic distress (see Table 4)."" ",0,1,0.0
8,8,19,"To determine if the characteristics of the final class solution are numerically described, we need to look for mentions of statistical measures such as means, standard deviations, standard errors, sample sizes, or confidence intervals in the context. The context describes the final model's statistical significance, classification success rates, and predictors of group membership but does not provide specific numerical descriptions like means, standard deviations, or confidence intervals for the final class solution. Therefore, the answer is NO. "," - ""The final model (step 3) was statistically significant (n = 292; χ218 = 128.56, P <.001) and correctly classified 63.8% of those in the symptomatic group and 95.6% of those in the resilient group (overall classification success rate = 89.2%)."" - ""In the final model, 4 variables significantly predicted membership of the symptom-fluctuation group. Higher predeployment depression, neuroticism, and more earlier traumas increased odds of symptomatic trajectory."" ",0,1,0.0
10,10,19,"To determine if the characteristics of the final class solution are numerically described, we need to look for mentions of statistical measures such as means, standard deviations (SD), standard errors (SE), sample sizes (n), or confidence intervals (CI) in the context. The provided context includes fit statistics like BIC, CAIC, BLRT, entropy, LLP, and SCP, but does not mention means, SD/SE, n, or CI. The context focuses on model selection criteria and fit statistics rather than detailed numerical descriptions of class characteristics. Therefore, the answer is NO. "," - ""BIC = Bayesian information criterion; CAIC = consistent Akaike’s information criteria; BLRT = bootstrapped likelihood ratio test; LLP = lowest posterior probability; SCP = smallest class proportion; SLP = slope; T0 = posttraumatic stress disorder at T0; QRD = quadratic; RES = PCL-S residuals at all time points; T3 = posttraumatic stress disorder at T3; INT = intercept."" - ""Class Variances = 0 BIC CAIC BLRT Entropy LLP SCP"" - ""Upper tertile ( n = 234) 1 SLP Signiﬁcant negative variance 2 T0 8,555.6 8,575.6 0.00.95.96.12 3 SLP, QRD 8,538.4 8,558.3 0.00.85.87.09 4 QRD, T0 8,505.0 8,529.0 0.00.96.94.01 5 QRD, T0 8,523.3 8,552.3 0.33.84.83.03 Middle tertile ( n = 192) 1 SLP, QRD 7,028.1 7,040.1 2 SLP 6,976.0 6,994.0 0.00.86.91.21 3 SLP 6,917.0 6,939.0 0.00.89.89.09"" ",0,1,0.0
11,11,19,"To determine if the characteristics of the final class solution are numerically described, we need to look for mentions of numerical descriptors such as means, standard deviations (SD), standard errors (SE), sample sizes (n), or confidence intervals (CI) in the context. The context mentions ""mean PCL values at Waves 1, 2, and 3, and linear and quadratic parameters"" and provides a specific mean value for the low-stable group (intercept = 20.3). However, it does not mention standard deviations, standard errors, sample sizes, or confidence intervals for the final class solution. Therefore, the characteristics are not fully numerically described as required."," - ""Table 2 describes the five trajectories by mean PCL values at Waves 1, 2, and 3, and linear and quadratic parameters."" - ""Just over half of the sample (53.3%) comprised the low-stable group, in which average PCL scores began (intercept = 20.3), and remained low.""",0,1,0.0
13,13,19,"To determine if the characteristics of the final class solution are numerically described, we need to look for mentions of statistical measures such as means, standard deviations, sample sizes, or confidence intervals in the context. The context provides information about the use of various statistical tests and indices, such as the Bayesian information criterion (BIC) and the robust maximum likelihood estimator, but it does not mention specific numerical characteristics (means, SD/SE, n, CI, etc.) of the final class solution. The context does provide PTSD symptoms sum scores for T1 and T2, but these are not described as characteristics of the final class solution. Therefore, the answer is NO. "," - ""Full information maximum likelihood was used to deal with missing data and the robust maximum likelihood estimator was used (multiple linear regression) to deal with the nonnormal distribution of each sum score of the IES-R for the three time points."" - ""LGMM with one to six latent groups in the total sample showed BIC values ranging from 8656 to 8668."" - ""The PTSD symptoms sum scores were for T1 M = 26.06 (SD = 12.59; min-max = 0–66), for T2 M = 24.09"" ",0,1,0.0
14,14,19,"To determine if the characteristics of the final class solution are numerically described, we need to look for mentions of numerical descriptors such as means, standard deviations (SD), standard errors (SE), sample sizes (n), or confidence intervals (CI) specifically related to the three-class solution. The context provides information about the selection of the three-class solution based on fit indices and mentions a table (Table 2) related to multinomial regression analysis. However, it does not explicitly state that the characteristics of the three-class solution itself are numerically described in terms of means, SD/SE, n, or CI. The context focuses on fit indices and regression analysis rather than detailed numerical descriptions of the class solution. "," - ""Theﬁt indices for the one- to six-class models are presented inTable 1."" - ""We selected the three-class solution in agreement with the majority of the ﬁt indices."" - ""Table 2 Multinomial regression analysis for family- and child-related factors according to the membership in PTSS trajectories: OR (Exp(B)) and CI values."" ",0,1,0.0
15,15,19,"To determine if the characteristics of the final class solution are numerically described, we need to look for mentions of statistical measures such as means, standard deviations (SD), standard errors (SE), sample sizes (n), or confidence intervals (CI) in the context. The context provides information about the AIC, BIC, and entropy values, as well as the proportions of each trajectory (Chronic, Recovering, Resilient). However, it does not mention any specific numerical descriptions like means, SD/SE, n, or CI for the characteristics of the final class solution. Therefore, the answer is NO. "," - ""AIC, BIC, and sample-size adjusted BIC values."" - ""Entropy and posterior probabilities were reasonably high for this solution."" - ""These trajectories closely fit theoretical trajectories identified among disaster affected adults."" - ""The trajectories were named: (a) Chronic (4%), (b) Recovering (27%), and (c) Resilient (70%)."" - ""The four-trajectory group solution 4 Groups 10295.24 10355.74 10308.14.86.85–.95.06 1 4"" ",0,1,0.0
17,17,19,"To determine if the characteristics of the final class solution are numerically described, we need to look for mentions of means, standard deviations/standard errors, sample sizes, or confidence intervals for the 4-class model, which is identified as the final model. The context provides numerical data for the 4-class model, such as AIC, BIC, and entropy values, but does not provide means, standard deviations/standard errors, sample sizes, or confidence intervals specifically for the characteristics of the classes themselves. The context does provide mean scores for subscales between classes using the Mplus 3-Step Method, but these are not directly tied to the characteristics of the 4-class model itself. Therefore, the characteristics of the final class solution are not numerically described in the context provided. "," - ""4-class /C02647.27 5324.54 5371.31 0.89 0.043 0.049 <.001"" - ""Report Subscale Scores between Classes using Mplus 3-Step Method (DU3Step)"" - ""1. Recovery M (SE) 2. Resilience M (SE) 3. Chronic dysfunction M (SE) 4. Delayed reactions M (SE)"" ",0,1,0.0
20,20,19,"To determine if the characteristics of the final class solution are numerically described, we need to look for mentions of specific numerical descriptors such as means, standard deviations/standard errors, sample sizes, or confidence intervals in the context. The context discusses statistical methods and criteria used for evaluating latent class solutions, such as BIC, AIC, and entropy, but does not mention any numerical descriptions like means, SD/SE, n, or CI for the final class solution. Therefore, there is no evidence in the context that the characteristics of the final class solution are numerically described. ", - [] ,0,1,0.0
22,22,19,"To determine if the characteristics of the final class solution are numerically described, we need to look for mentions of numerical descriptors such as means, standard deviations (SD), standard errors (SE), sample sizes (n), or confidence intervals (CI) specifically related to the final class solution. The context mentions that a 4-class solution obtained the lowest BIC score and that results are presented in Table 1. However, it does not provide specific numerical descriptions of the final class solution within the given text. There is no direct mention of means, SD, SE, n, or CI for the final class solution in the provided context. "," - ""Results are presented in Table 1."" - No specific numerical descriptions (means, SD, SE, n, CI) for the final class solution are provided in the text. ",0,1,0.0
23,23,19,"To determine if the characteristics of the final class solution are numerically described, we need to look for mentions of numerical descriptors such as means, standard deviations (SD), standard errors (SE), sample sizes (n), or confidence intervals (CI) in the context. The context mentions ""descriptive statistics and ANOV A planned comparisons of main study variables by trajectory class are provided in Table 3."" This suggests that numerical descriptions of the class solution are likely included in Table 3. However, the context does not explicitly list these numerical descriptors in the text provided. Therefore, based on the context, it is implied that such numerical descriptions exist in the tables, but they are not directly cited in the text. "," - ""descriptive statistics and ANOV A planned comparisons of main study variables by trajectory class are provided in Table 3."" ",1,0,0.0
24,24,19,"To determine if the characteristics of the final class solution are numerically described, we need to look for mentions of means, standard deviations (SD), standard errors (SE), sample sizes (n), or confidence intervals (CI) related to the class solution. The context provides intercept and slope statistics, variances, and proportions of the sample for each group, but it does not mention standard deviations, standard errors, sample sizes, or confidence intervals for the class solution itself. The context does mention means and standard deviations for PTSD measures at different time points, but these are not directly related to the class solution characteristics. Therefore, the characteristics of the final class solution are not numerically described in the context provided. "," - ""Intercept mean (critical value) 1.14 (88.65) 1.61 (24.95)"" - ""Intercept variance (critical value) 0.01 (2.53) 0.01 (2.53)"" - ""Slope mean (critical value) 0.04 (1.32) 0.20 (15.89)"" - ""Slope variance (critical value) 0.00 (1.72) 0.00 (1.72)"" - ""Proportion of sample 57% 43%"" - ""are reported in column 2 of Table 1. In addition, the means (SD s in parentheses) for the PTSD measures at all time points are as follows: M-PTSD at Time 1 D61.90 (13.35), Estimated PCL at Time 1 D1.36 (.36), M-PTSD at Time 2 D66.76 (17.51), PCL at Time 2 D1.47 (.60), and PCL at Time 3 D1.84 (.80)."" ",0,1,0.0
25,25,19,"To determine if the characteristics of the final class solution are numerically described, we need to look for mentions of statistical measures such as means, standard deviations (SD), standard errors (SE), sample sizes (n), or confidence intervals (CI) in the context. The context provides parameter estimates (intercepts, slopes, and quadratic terms) with standard errors for each class in Table 2. However, it does not mention means, SD, n, or CI for the characteristics of the classes themselves. The context also discusses the use of ANOVA and chi-square tests to compare latent classes on various variables, but it does not provide specific numerical results for these comparisons. Therefore, the characteristics of the final class solution are not numerically described in terms of means, SD, n, or CI. "," - ""Growth Factor Parameter Estimates for the 4-Class Solution"" - ""Intercept Slope Quadratic Class Estimate SE Estimate SE Estimate SE"" - ""We conducted ANOVA and chi-square tests that compared latent classes on demographic variables, comorbid psychological symptoms, and peritraumatic dissociation."" ",0,1,0.0
32,32,19,"To determine if the characteristics of the final class solution are numerically described, we need to look for mentions of numerical descriptors such as means, standard deviations (SD), standard errors (SE), sample sizes (n), or confidence intervals (CI) in the context. The context discusses the inclusion of covariates, regression of class assignment, and model fit improvements, but it does not provide specific numerical descriptions of the class solution characteristics. The mention of ""growth parameter estimates"" in Table 5 suggests numerical data might be present, but the context does not explicitly describe these estimates numerically. Therefore, there is no direct evidence of numerical descriptions of the class solution characteristics in the provided context. ", - [] ,0,1,0.0
33,33,19,"To determine if the characteristics of the final class solution are numerically described, we need to look for any mention of statistical measures such as means, standard deviations, standard errors, sample sizes, or confidence intervals in the context. The context discusses the selection of a 3-class solution and mentions fit statistics like AIC, BIC, SSBIC, entropy, and p-values from LRT and BLRT. However, it does not provide specific numerical descriptions of the class characteristics such as means, SD/SE, n, or CI. The context only provides information about the model fit and the covariates included in the model, not the detailed numerical characteristics of the classes themselves. "," - ""Based on the fit statistics and conceptual interpretability, then, we selected the 3-class solution as optimal (Curran & Hussong, 2003; Nylund et al., 2007)."" - ""BIC 18684.56 18278.76 18220.33 18210.69"" - ""SSBIC 18668.68 18253.35 18185.39 18166.22"" - ""Entropy e 0.61 0.62 0.56"" - ""LRT p value e <0.001 <0.001 0.57"" - ""BLRT p value e <0.001 <0.001 0.58"" - ""Note. AIC ¼ Akaike information criterion; BIC ¼ Bayesian information criterion; SSBIC ¼ sample size adjusted Bayesian information criterion; LRT¼LoeMendelle Rubin test; BLRT¼bootstrap likelihood ratio test."" ",0,1,0.0
34,34,19,"To determine if the characteristics of the final class solution are numerically described, we need to look for mentions of numerical descriptors such as means, standard deviations (SD), standard errors (SE), sample sizes (n), or confidence intervals (CIs) specifically related to the final class solution. The context provides information about odds ratios (ORs), confidence intervals (CIs), and the results for the final model, but it does not mention any numerical descriptors like means, SD, SE, or n for the final class solution. The context focuses on the statistical analysis and results of the model, not on the descriptive statistics of the final class solution itself. "," - ""The full set of results, with values for all variables included in each step, is listed in Supplemental Table 5."" - ""The columns under 'Final Model' include the values for the analysis with all variables entered."" - ""None of the demographic covariates were significant in Step 1."" - ""In Step 2, predis-"" ",0,1,0.0
37,37,19,"To determine if the characteristics of the final class solution are numerically described, we need to look for mentions of numerical descriptors such as means, standard deviations (SD), standard errors (SE), sample sizes (n), or confidence intervals (CI) specifically related to the final class solution. The context provides information about the two-class solution being optimal and mentions fit indices, entropy, AIC, and ssaBIC values, but it does not provide specific numerical characteristics (means, SD/SE, n, CI) for the final class solution itself. The context does mention descriptive statistics for the total sample and groups in Table 1, but it does not specify that these are for the final class solution. "," - ""The two-class solution was considered the optimal solution."" - ""The Lo–Mendell–Rubin’s is nonsignificant for the three-class solution, whereas the two-class solution is significant."" - ""The entropy value indicates that a high proportion of participants is correctly classified."" - ""The AIC and ssaBIC both show a large drop from the one- to two-class solutions, and subsequent decreases through to the six-class solution are much smaller suggesting that additional classes do not add to the model."" - ""Table 1. Variable Means and Standard Deviations by Full Sample (n = 255) and Groups"" ",0,1,0.0
